Gift Card No,Customer Name,User ID,Value,Expiry Date
CUS01001,CUS01001,,,
CUS01002,CUS01002,,,
CUS01003,CUS01003,,,
CUS01004,CUS01004,,,
CUS01005,CUS01005,,,
CUS01006,CUS01006,,,
CUS01007,CUS01007,,,
CUS01008,CUS01008,,,
CUS01009,CUS01009,,,
CUS01010,CUS01010,,,
CUS01011,CUS01011,,,
CUS01012,CUS01012,,,
CUS01013,CUS01013,,,
CUS01014,CUS01014,,,
CUS01015,CUS01015,,,
CUS01016,CUS01016,,,
CUS01017,CUS01017,,,
CUS01018,CUS01018,,,
CUS01019,CUS01019,,,
CUS01020,CUS01020,,,
CUS01021,CUS01021,,,
CUS01022,CUS01022,,,
CUS01023,CUS01023,,,
CUS01024,CUS01024,,,
CUS01025,CUS01025,,,
CUS01026,CUS01026,,,
CUS01027,CUS01027,,,
CUS01028,CUS01028,,,
CUS01029,CUS01029,,,
CUS01030,CUS01030,,,
CUS01031,CUS01031,,,
CUS01032,CUS01032,,,
CUS01033,CUS01033,,,
CUS01034,CUS01034,,,
CUS01035,CUS01035,,,
CUS01036,CUS01036,,,
CUS01037,CUS01037,,,
CUS01038,CUS01038,,,
CUS01039,CUS01039,,,
CUS01040,CUS01040,,,
CUS01041,CUS01041,,,
CUS01042,CUS01042,,,
CUS01043,CUS01043,,,
CUS01044,CUS01044,,,
CUS01045,CUS01045,,,
CUS01046,CUS01046,,,
CUS01047,CUS01047,,,
CUS01048,CUS01048,,,
CUS01049,CUS01049,,,
CUS01050,CUS01050,,,
CUS01051,CUS01051,,,
CUS01052,CUS01052,,,
CUS01053,CUS01053,,,
CUS01054,CUS01054,,,
CUS01055,CUS01055,,,
CUS01056,CUS01056,,,
CUS01057,CUS01057,,,
CUS01058,CUS01058,,,
CUS01059,CUS01059,,,
CUS01060,CUS01060,,,
CUS01061,CUS01061,,,
CUS01062,CUS01062,,,
CUS01063,CUS01063,,,
CUS01064,CUS01064,,,
CUS01065,CUS01065,,,
CUS01066,CUS01066,,,
CUS01067,CUS01067,,,
CUS01068,CUS01068,,,
CUS01069,CUS01069,,,
CUS01070,CUS01070,,,
CUS01071,CUS01071,,,
CUS01072,CUS01072,,,
CUS01073,CUS01073,,,
CUS01074,CUS01074,,,
CUS01075,CUS01075,,,
CUS01076,CUS01076,,,
CUS01077,CUS01077,,,
CUS01078,CUS01078,,,
CUS01079,CUS01079,,,
CUS01080,CUS01080,,,
CUS01081,CUS01081,,,
CUS01082,CUS01082,,,
CUS01083,CUS01083,,,
CUS01084,CUS01084,,,
CUS01085,CUS01085,,,
CUS01086,CUS01086,,,
CUS01087,CUS01087,,,
CUS01088,CUS01088,,,
CUS01089,CUS01089,,,
CUS01090,CUS01090,,,
CUS01091,CUS01091,,,
CUS01092,CUS01092,,,
CUS01093,CUS01093,,,
CUS01094,CUS01094,,,
CUS01095,CUS01095,,,
CUS01096,CUS01096,,,
CUS01097,CUS01097,,,
CUS01098,CUS01098,,,
CUS01099,CUS01099,,,
CUS01100,CUS01100,,,
CUS01101,CUS01101,,,
CUS01102,CUS01102,,,
CUS01103,CUS01103,,,
CUS01104,CUS01104,,,
CUS01105,CUS01105,,,
CUS01106,CUS01106,,,
CUS01107,CUS01107,,,
CUS01108,CUS01108,,,
CUS01109,CUS01109,,,
CUS01110,CUS01110,,,
CUS01111,CUS01111,,,
CUS01112,CUS01112,,,
CUS01113,CUS01113,,,
CUS01114,CUS01114,,,
CUS01115,CUS01115,,,
CUS01116,CUS01116,,,
CUS01117,CUS01117,,,
CUS01118,CUS01118,,,
CUS01119,CUS01119,,,
CUS01120,CUS01120,,,
CUS01121,CUS01121,,,
CUS01122,CUS01122,,,
CUS01123,CUS01123,,,
CUS01124,CUS01124,,,
CUS01125,CUS01125,,,
CUS01126,CUS01126,,,
CUS01127,CUS01127,,,
CUS01128,CUS01128,,,
CUS01129,CUS01129,,,
CUS01130,CUS01130,,,
CUS01131,CUS01131,,,
CUS01132,CUS01132,,,
CUS01133,CUS01133,,,
CUS01134,CUS01134,,,
CUS01135,CUS01135,,,
CUS01136,CUS01136,,,
CUS01137,CUS01137,,,
CUS01138,CUS01138,,,
CUS01139,CUS01139,,,
CUS01140,CUS01140,,,
CUS01141,CUS01141,,,
CUS01142,CUS01142,,,
CUS01143,CUS01143,,,
CUS01144,CUS01144,,,
CUS01145,CUS01145,,,
CUS01146,CUS01146,,,
CUS01147,CUS01147,,,
CUS01148,CUS01148,,,
CUS01149,CUS01149,,,
CUS01150,CUS01150,,,
CUS01151,CUS01151,,,
CUS01152,CUS01152,,,
CUS01153,CUS01153,,,
CUS01154,CUS01154,,,
CUS01155,CUS01155,,,
CUS01156,CUS01156,,,
CUS01157,CUS01157,,,
CUS01158,CUS01158,,,
CUS01159,CUS01159,,,
CUS01160,CUS01160,,,
CUS01161,CUS01161,,,
CUS01162,CUS01162,,,
CUS01163,CUS01163,,,
CUS01164,CUS01164,,,
CUS01165,CUS01165,,,
CUS01166,CUS01166,,,
CUS01167,CUS01167,,,
CUS01168,CUS01168,,,
CUS01169,CUS01169,,,
CUS01170,CUS01170,,,
CUS01171,CUS01171,,,
CUS01172,CUS01172,,,
CUS01173,CUS01173,,,
CUS01174,CUS01174,,,
CUS01175,CUS01175,,,
CUS01176,CUS01176,,,
CUS01177,CUS01177,,,
CUS01178,CUS01178,,,
CUS01179,CUS01179,,,
CUS01180,CUS01180,,,
CUS01181,CUS01181,,,
CUS01182,CUS01182,,,
CUS01183,CUS01183,,,
CUS01184,CUS01184,,,
CUS01185,CUS01185,,,
CUS01186,CUS01186,,,
CUS01187,CUS01187,,,
CUS01188,CUS01188,,,
CUS01189,CUS01189,,,
CUS01190,CUS01190,,,
CUS01191,CUS01191,,,
CUS01192,CUS01192,,,
CUS01193,CUS01193,,,
CUS01194,CUS01194,,,
CUS01195,CUS01195,,,
CUS01196,CUS01196,,,
CUS01197,CUS01197,,,
CUS01198,CUS01198,,,
CUS01199,CUS01199,,,
CUS01200,CUS01200,,,
CUS01201,CUS01201,,,
CUS01202,CUS01202,,,
CUS01203,CUS01203,,,
CUS01204,CUS01204,,,
CUS01205,CUS01205,,,
CUS01206,CUS01206,,,
CUS01207,CUS01207,,,
CUS01208,CUS01208,,,
CUS01209,CUS01209,,,
CUS01210,CUS01210,,,
CUS01211,CUS01211,,,
CUS01212,CUS01212,,,
CUS01213,CUS01213,,,
CUS01214,CUS01214,,,
CUS01215,CUS01215,,,
CUS01216,CUS01216,,,
CUS01217,CUS01217,,,
CUS01218,CUS01218,,,
CUS01219,CUS01219,,,
CUS01220,CUS01220,,,
CUS01221,CUS01221,,,
CUS01222,CUS01222,,,
CUS01223,CUS01223,,,
CUS01224,CUS01224,,,
CUS01225,CUS01225,,,
CUS01226,CUS01226,,,
CUS01227,CUS01227,,,
CUS01228,CUS01228,,,
CUS01229,CUS01229,,,
CUS01230,CUS01230,,,
CUS01231,CUS01231,,,
CUS01232,CUS01232,,,
CUS01233,CUS01233,,,
CUS01234,CUS01234,,,
CUS01235,CUS01235,,,
CUS01236,CUS01236,,,
CUS01237,CUS01237,,,
CUS01238,CUS01238,,,
CUS01239,CUS01239,,,
CUS01240,CUS01240,,,
CUS01241,CUS01241,,,
CUS01242,CUS01242,,,
CUS01243,CUS01243,,,
CUS01244,CUS01244,,,
CUS01245,CUS01245,,,
CUS01246,CUS01246,,,
CUS01247,CUS01247,,,
CUS01248,CUS01248,,,
CUS01249,CUS01249,,,
CUS01250,CUS01250,,,
CUS01251,CUS01251,,,
CUS01252,CUS01252,,,
CUS01253,CUS01253,,,
CUS01254,CUS01254,,,
CUS01255,CUS01255,,,
CUS01256,CUS01256,,,
CUS01257,CUS01257,,,
CUS01258,CUS01258,,,
CUS01259,CUS01259,,,
CUS01260,CUS01260,,,
CUS01261,CUS01261,,,
CUS01262,CUS01262,,,
CUS01263,CUS01263,,,
CUS01264,CUS01264,,,
CUS01265,CUS01265,,,
CUS01266,CUS01266,,,
CUS01267,CUS01267,,,
CUS01268,CUS01268,,,
CUS01269,CUS01269,,,
CUS01270,CUS01270,,,
CUS01271,CUS01271,,,
CUS01272,CUS01272,,,
CUS01273,CUS01273,,,
CUS01274,CUS01274,,,
CUS01275,CUS01275,,,
CUS01276,CUS01276,,,
CUS01277,CUS01277,,,
CUS01278,CUS01278,,,
CUS01279,CUS01279,,,
CUS01280,CUS01280,,,
CUS01281,CUS01281,,,
CUS01282,CUS01282,,,
CUS01283,CUS01283,,,
CUS01284,CUS01284,,,
CUS01285,CUS01285,,,
CUS01286,CUS01286,,,
CUS01287,CUS01287,,,
CUS01288,CUS01288,,,
CUS01289,CUS01289,,,
CUS01290,CUS01290,,,
CUS01291,CUS01291,,,
CUS01292,CUS01292,,,
CUS01293,CUS01293,,,
CUS01294,CUS01294,,,
CUS01295,CUS01295,,,
CUS01296,CUS01296,,,
CUS01297,CUS01297,,,
CUS01298,CUS01298,,,
CUS01299,CUS01299,,,
CUS01300,CUS01300,,,
CUS01301,CUS01301,,,
CUS01302,CUS01302,,,
CUS01303,CUS01303,,,
CUS01304,CUS01304,,,
CUS01305,CUS01305,,,
CUS01306,CUS01306,,,
CUS01307,CUS01307,,,
CUS01308,CUS01308,,,
CUS01309,CUS01309,,,
CUS01310,CUS01310,,,
CUS01311,CUS01311,,,
CUS01312,CUS01312,,,
CUS01313,CUS01313,,,
CUS01314,CUS01314,,,
CUS01315,CUS01315,,,
CUS01316,CUS01316,,,
CUS01317,CUS01317,,,
CUS01318,CUS01318,,,
CUS01319,CUS01319,,,
CUS01320,CUS01320,,,
CUS01321,CUS01321,,,
CUS01322,CUS01322,,,
CUS01323,CUS01323,,,
CUS01324,CUS01324,,,
CUS01325,CUS01325,,,
CUS01326,CUS01326,,,
CUS01327,CUS01327,,,
CUS01328,CUS01328,,,
CUS01329,CUS01329,,,
CUS01330,CUS01330,,,
CUS01331,CUS01331,,,
CUS01332,CUS01332,,,
CUS01333,CUS01333,,,
CUS01334,CUS01334,,,
CUS01335,CUS01335,,,
CUS01336,CUS01336,,,
CUS01337,CUS01337,,,
CUS01338,CUS01338,,,
CUS01339,CUS01339,,,
CUS01340,CUS01340,,,
CUS01341,CUS01341,,,
CUS01342,CUS01342,,,
CUS01343,CUS01343,,,
CUS01344,CUS01344,,,
CUS01345,CUS01345,,,
CUS01346,CUS01346,,,
CUS01347,CUS01347,,,
CUS01348,CUS01348,,,
CUS01349,CUS01349,,,
CUS01350,CUS01350,,,
CUS01351,CUS01351,,,
CUS01352,CUS01352,,,
CUS01353,CUS01353,,,
CUS01354,CUS01354,,,
CUS01355,CUS01355,,,
CUS01356,CUS01356,,,
CUS01357,CUS01357,,,
CUS01358,CUS01358,,,
CUS01359,CUS01359,,,
CUS01360,CUS01360,,,
CUS01361,CUS01361,,,
CUS01362,CUS01362,,,
CUS01363,CUS01363,,,
CUS01364,CUS01364,,,
CUS01365,CUS01365,,,
CUS01366,CUS01366,,,
CUS01367,CUS01367,,,
CUS01368,CUS01368,,,
CUS01369,CUS01369,,,
CUS01370,CUS01370,,,
CUS01371,CUS01371,,,
CUS01372,CUS01372,,,
CUS01373,CUS01373,,,
CUS01374,CUS01374,,,
CUS01375,CUS01375,,,
CUS01376,CUS01376,,,
CUS01377,CUS01377,,,
CUS01378,CUS01378,,,
CUS01379,CUS01379,,,
CUS01380,CUS01380,,,
CUS01381,CUS01381,,,
CUS01382,CUS01382,,,
CUS01383,CUS01383,,,
CUS01384,CUS01384,,,
CUS01385,CUS01385,,,
CUS01386,CUS01386,,,
CUS01387,CUS01387,,,
CUS01388,CUS01388,,,
CUS01389,CUS01389,,,
CUS01390,CUS01390,,,
CUS01391,CUS01391,,,
CUS01392,CUS01392,,,
CUS01393,CUS01393,,,
CUS01394,CUS01394,,,
CUS01395,CUS01395,,,
CUS01396,CUS01396,,,
CUS01397,CUS01397,,,
CUS01398,CUS01398,,,
CUS01399,CUS01399,,,
CUS01400,CUS01400,,,
CUS01401,CUS01401,,,
CUS01402,CUS01402,,,
CUS01403,CUS01403,,,
CUS01404,CUS01404,,,
CUS01405,CUS01405,,,
CUS01406,CUS01406,,,
CUS01407,CUS01407,,,
CUS01408,CUS01408,,,
CUS01409,CUS01409,,,
CUS01410,CUS01410,,,
CUS01411,CUS01411,,,
CUS01412,CUS01412,,,
CUS01413,CUS01413,,,
CUS01414,CUS01414,,,
CUS01415,CUS01415,,,
CUS01416,CUS01416,,,
CUS01417,CUS01417,,,
CUS01418,CUS01418,,,
CUS01419,CUS01419,,,
CUS01420,CUS01420,,,
CUS01421,CUS01421,,,
CUS01422,CUS01422,,,
CUS01423,CUS01423,,,
CUS01424,CUS01424,,,
CUS01425,CUS01425,,,
CUS01426,CUS01426,,,
CUS01427,CUS01427,,,
CUS01428,CUS01428,,,
CUS01429,CUS01429,,,
CUS01430,CUS01430,,,
CUS01431,CUS01431,,,
CUS01432,CUS01432,,,
CUS01433,CUS01433,,,
CUS01434,CUS01434,,,
CUS01435,CUS01435,,,
CUS01436,CUS01436,,,
CUS01437,CUS01437,,,
CUS01438,CUS01438,,,
CUS01439,CUS01439,,,
CUS01440,CUS01440,,,
CUS01441,CUS01441,,,
CUS01442,CUS01442,,,
CUS01443,CUS01443,,,
CUS01444,CUS01444,,,
CUS01445,CUS01445,,,
CUS01446,CUS01446,,,
CUS01447,CUS01447,,,
CUS01448,CUS01448,,,
CUS01449,CUS01449,,,
CUS01450,CUS01450,,,
CUS01451,CUS01451,,,
CUS01452,CUS01452,,,
CUS01453,CUS01453,,,
CUS01454,CUS01454,,,
CUS01455,CUS01455,,,
CUS01456,CUS01456,,,
CUS01457,CUS01457,,,
CUS01458,CUS01458,,,
CUS01459,CUS01459,,,
CUS01460,CUS01460,,,
CUS01461,CUS01461,,,
CUS01462,CUS01462,,,
CUS01463,CUS01463,,,
CUS01464,CUS01464,,,
CUS01465,CUS01465,,,
CUS01466,CUS01466,,,
CUS01467,CUS01467,,,
CUS01468,CUS01468,,,
CUS01469,CUS01469,,,
CUS01470,CUS01470,,,
CUS01471,CUS01471,,,
CUS01472,CUS01472,,,
CUS01473,CUS01473,,,
CUS01474,CUS01474,,,
CUS01475,CUS01475,,,
CUS01476,CUS01476,,,
CUS01477,CUS01477,,,
CUS01478,CUS01478,,,
CUS01479,CUS01479,,,
CUS01480,CUS01480,,,
CUS01481,CUS01481,,,
CUS01482,CUS01482,,,
CUS01483,CUS01483,,,
CUS01484,CUS01484,,,
CUS01485,CUS01485,,,
CUS01486,CUS01486,,,
CUS01487,CUS01487,,,
CUS01488,CUS01488,,,
CUS01489,CUS01489,,,
CUS01490,CUS01490,,,
CUS01491,CUS01491,,,
CUS01492,CUS01492,,,
CUS01493,CUS01493,,,
CUS01494,CUS01494,,,
CUS01495,CUS01495,,,
CUS01496,CUS01496,,,
CUS01497,CUS01497,,,
CUS01498,CUS01498,,,
CUS01499,CUS01499,,,
CUS01500,CUS01500,,,
